{
    "today's items": [
        "washing machine",
        "CALI",
        "complete CRUD project",
        "Eggs boiling"
    ],
    "course items": {
        "projects for Resume": "weekly 1",
        "advanced python concepts": "daily 30mins",
        "DSA": "daily 3 hrs",
        "OS": "10",
        "Networking": "5"
    },
    "youtube videos": {
        "mental workout": "this turns you into 500% productive",
        "morning routine": "create a routine that gets you wealth"
    }
}